model,dtype,kernel,tokens,qp,repetitions,total_median_us,total_min_us,total_max_us,p95_rank_max_median_us,total_runs_us
r1,bf16,v2,4,1,3,171.401393896868,166.77565270521004,184.9985084303751,190.70799946784973,"[184.9985084303751, 166.77565270521004, 171.401393896868]"
r1,bf16,v2,4,2,3,174.00084895178162,165.96030146846996,177.6735770259181,180.45999705791473,"[177.6735770259181, 174.00084895178162, 165.96030146846996]"
r1,bf16,v2,4,4,3,189.40696280835004,185.48488535854065,193.1130985311907,196.035398542881,"[193.1130985311907, 189.40696280835004, 185.48488535854065]"
r1,bf16,v2,4,8,3,221.47209845997136,210.089934765008,225.7765983873657,226.92299485206604,"[221.47209845997136, 225.7765983873657, 210.089934765008]"
r1,bf16,v2,16,1,3,184.08670255528955,180.74230541443004,186.91252944348702,191.71599745750427,"[186.91252944348702, 184.08670255528955, 180.74230541443004]"
r1,bf16,v2,16,2,3,189.14981672925683,183.3443464069017,191.030682578426,193.5800015926361,"[191.030682578426, 189.14981672925683, 183.3443464069017]"
r1,bf16,v2,16,4,3,203.93759009010833,196.7601656496268,210.59793885797262,209.94739830493927,"[210.59793885797262, 203.93759009010833, 196.7601656496268]"
r1,bf16,v2,16,8,3,238.9378399941428,225.52795812551832,239.5915187220892,247.0184028148651,"[239.5915187220892, 238.9378399941428, 225.52795812551832]"
r1,bf16,v2,64,1,3,254.34371238124783,251.2870702956771,258.44153172561323,262.0506018400192,"[254.34371238124783, 258.44153172561323, 251.2870702956771]"
r1,bf16,v2,64,2,3,255.82551416651955,251.9531633447984,260.40841091488454,263.4504020214081,"[255.82551416651955, 260.40841091488454, 251.9531633447984]"
r1,bf16,v2,64,4,3,263.11107463171254,255.90340647011482,268.30529052250347,272.68939316272736,"[263.11107463171254, 268.30529052250347, 255.90340647011482]"
r1,bf16,v2,64,8,3,279.87994526609265,268.1579561582927,285.6978435583156,288.8980031013489,"[279.87994526609265, 285.6978435583156, 268.1579561582927]"
r1,bf16,v2,256,1,3,539.1526087347803,536.8544577203434,544.3998883831604,551.0686099529266,"[536.8544577203434, 544.3998883831604, 539.1526087347803]"
r1,bf16,v2,256,2,3,540.4696410264949,537.6203152640112,541.4105007617638,551.5002071857452,"[540.4696410264949, 541.4105007617638, 537.6203152640112]"
r1,bf16,v2,256,4,3,514.6531647649305,510.80952462708126,523.0493471668713,523.8045901060104,"[510.80952462708126, 514.6531647649305, 523.0493471668713]"
r1,bf16,v2,256,8,3,524.0455942292666,523.043837366176,525.0446315340955,535.8200162649155,"[523.043837366176, 524.0455942292666, 525.0446315340955]"
r1,bf16,v2,1024,1,3,1578.082426354803,1575.2986620726256,1579.537918341571,1608.038580417633,"[1575.2986620726256, 1579.537918341571, 1578.082426354803]"
r1,bf16,v2,1024,2,3,1579.7122806824486,1574.4715327846593,1583.476377458408,1653.2601833343506,"[1574.4715327846593, 1583.476377458408, 1579.7122806824486]"
r1,bf16,v2,1024,4,3,1495.3637238078077,1492.5821270665217,1501.1893713782574,1582.3153734207153,"[1495.3637238078077, 1492.5821270665217, 1501.1893713782574]"
r1,bf16,v2,1024,8,3,1359.2356068949248,1356.7428866337086,1362.7143157324915,1471.7203974723816,"[1356.7428866337086, 1362.7143157324915, 1359.2356068949248]"
r1,bf16,v2,4096,1,3,5601.570471093572,5596.0871361452955,5602.005831640342,5625.312900543213,"[5601.570471093572, 5596.0871361452955, 5602.005831640342]"
r1,bf16,v2,4096,2,3,6850.438574264789,6787.758147922055,6865.747699192886,7389.67866897583,"[6865.747699192886, 6850.438574264789, 6787.758147922055]"
r1,bf16,v2,4096,4,3,5857.366238174767,5841.3217964357345,6275.948948644358,6864.0392780303955,"[5857.366238174767, 6275.948948644358, 5841.3217964357345]"
r1,bf16,v2,4096,8,3,4744.505311137644,4735.755361359695,4757.934539482511,5171.466875076294,"[4735.755361359695, 4744.505311137644, 4757.934539482511]"
r1,bf16,v2,8192,1,3,10933.247011283349,10921.2461350293,10939.805614537207,10972.256565093994,"[10933.247011283349, 10939.805614537207, 10921.2461350293]"
r1,bf16,v2,8192,2,3,12741.172754559024,12718.404978513718,12797.789889162985,14134.803295135498,"[12741.172754559024, 12718.404978513718, 12797.789889162985]"
r1,bf16,v2,8192,4,3,11149.788002515661,11120.642663589839,11226.187541567046,12687.022018432617,"[11149.788002515661, 11120.642663589839, 11226.187541567046]"
r1,bf16,v2,8192,8,3,10090.950486475023,9653.897521824672,12712.003302985224,14990.160417556757,"[10090.950486475023, 9653.897521824672, 12712.003302985224]"
r1,bf16,v2,16384,1,3,21641.063492873618,21634.112403310577,21642.85951647265,21668.61343383789,"[21634.112403310577, 21641.063492873618, 21642.85951647265]"
r1,bf16,v2,16384,2,3,25260.519992688605,25161.946523806146,28399.082720279694,26535.42881011963,"[28399.082720279694, 25161.946523806146, 25260.519992688605]"
r1,bf16,v2,16384,4,3,21887.886100801927,21816.670678812883,21965.262722352454,23347.408866882324,"[21965.262722352454, 21887.886100801927, 21816.670678812883]"
r1,bf16,v2,16384,8,3,59198.91391643162,18515.832302899194,98113.50521239742,132943.36757659912,"[18515.832302899194, 59198.91391643162, 98113.50521239742]"
r1,bf16,v2_ll,4,1,3,96.75925628057328,95.99659457032023,100.72035099989895,105.30960038304329,"[100.72035099989895, 96.75925628057328, 95.99659457032023]"
r1,bf16,v2_ll,4,2,3,107.00048890831913,101.86156876995389,108.43733604194531,112.19739839434624,"[107.00048890831913, 108.43733604194531, 101.86156876995389]"
r1,bf16,v2_ll,4,4,3,119.65582282924703,119.47927108548325,122.31784676811819,130.9809997677803,"[119.47927108548325, 119.65582282924703, 122.31784676811819]"
r1,bf16,v2_ll,4,8,3,152.64551010753573,151.69094144045536,155.52285951080506,162.92400062084198,"[155.52285951080506, 152.64551010753573, 151.69094144045536]"
r1,bf16,v2_ll,16,1,3,108.55441769295982,108.48106645400925,108.92949111213714,115.64499735832214,"[108.92949111213714, 108.55441769295982, 108.48106645400925]"
r1,bf16,v2_ll,16,2,3,110.32318507706553,110.05025185997887,110.63988557374427,116.34940132498741,"[110.32318507706553, 110.05025185997887, 110.63988557374427]"
r1,bf16,v2_ll,16,4,3,125.99917867317282,125.3108378933293,126.54619997945325,133.4604024887085,"[126.54619997945325, 125.3108378933293, 125.99917867317282]"
r1,bf16,v2_ll,16,8,3,157.98575625401634,157.16887263838072,160.19439385754282,166.38000160455704,"[160.19439385754282, 157.16887263838072, 157.98575625401634]"
r1,bf16,v2_ll,64,1,3,200.65464161272192,200.53903374756717,201.98228834839216,211.77100092172623,"[200.53903374756717, 201.98228834839216, 200.65464161272192]"
r1,bf16,v2_ll,64,2,3,201.54409433297556,200.72776000497157,201.98055106247293,209.35540050268173,"[201.54409433297556, 201.98055106247293, 200.72776000497157]"
r1,bf16,v2_ll,64,4,3,210.04806633974457,209.36341118067503,211.50792189392035,221.84239625930786,"[209.36341118067503, 211.50792189392035, 210.04806633974457]"
r1,bf16,v2_ll,64,8,3,225.1204630231549,225.0865924268447,225.19529906326326,234.49940383434296,"[225.0865924268447, 225.19529906326326, 225.1204630231549]"
r1,bf16,v2_ll,256,1,3,504.4384665851449,503.5844472847108,504.9329297938224,529.0606051683426,"[503.5844472847108, 504.9329297938224, 504.4384665851449]"
r1,bf16,v2_ll,256,2,3,516.2716720189,516.2003627368089,516.8020011664464,546.9315946102142,"[516.2003627368089, 516.8020011664464, 516.2716720189]"
r1,bf16,v2_ll,256,4,3,496.98579224661506,496.98535658033757,500.0494404792272,527.9088050127029,"[496.98579224661506, 500.0494404792272, 496.98535658033757]"
r1,bf16,v2_ll,256,8,3,512.6957966592805,508.8143218308687,516.8344796603096,547.077402472496,"[512.6957966592805, 516.8344796603096, 508.8143218308687]"
r1,bf16,v2_ll,1024,1,3,1629.7353635831125,1616.4598109136368,1636.3925859332085,1722.9795455932617,"[1629.7353635831125, 1636.3925859332085, 1616.4598109136368]"
r1,bf16,v2_ll,1024,2,3,1579.5939157492128,1579.4304175109698,1611.0491890074877,1669.2115902900696,"[1579.4304175109698, 1579.5939157492128, 1611.0491890074877]"
r1,bf16,v2_ll,1024,4,3,1547.3400945935784,1542.0362348186559,1551.6933711438344,1681.0834050178528,"[1551.6933711438344, 1542.0362348186559, 1547.3400945935784]"
r1,bf16,v2_ll,1024,8,3,1451.6668245196342,1441.5959470487874,1454.342019326728,1544.3163752555847,"[1441.5959470487874, 1454.342019326728, 1451.6668245196342]"
r1,bf16,v2_ll,4096,1,3,5825.272646443597,5815.852474549721,5840.111544933812,6033.819913864136,"[5825.272646443597, 5815.852474549721, 5840.111544933812]"
r1,bf16,v2_ll,4096,2,3,6373.639864140543,6351.899721499147,6395.5509040890065,6763.149070739746,"[6351.899721499147, 6395.5509040890065, 6373.639864140543]"
r1,bf16,v2_ll,4096,4,3,6307.967527673162,6227.795431840009,6340.531497166075,6690.482425689697,"[6227.795431840009, 6340.531497166075, 6307.967527673162]"
r1,bf16,v2_ll,4096,8,3,5372.769927156382,5330.862679615103,5420.843327867574,5620.929002761841,"[5372.769927156382, 5420.843327867574, 5330.862679615103]"
r1,bf16,v2_ll,8192,1,3,11402.108423668762,11374.703036300067,21108.32450204882,11691.800308227539,"[11402.108423668762, 21108.32450204882, 11374.703036300067]"
r1,bf16,v2_ll,8192,2,3,12333.01730608118,12332.476145234601,12405.276272831292,12905.15251159668,"[12333.01730608118, 12332.476145234601, 12405.276272831292]"
r1,bf16,v2_ll,8192,4,3,11091.098243820255,11057.751369887384,11107.95743609297,11578.029918670654,"[11091.098243820255, 11057.751369887384, 11107.95743609297]"
r1,bf16,v2_ll,8192,8,3,11965.084302014318,11336.195913368258,12966.890932157123,19540.75198173523,"[12966.890932157123, 11965.084302014318, 11336.195913368258]"
r1,bf16,v2_ll,16384,1,3,22599.30829549658,22508.220093003634,22618.029372445468,23141.815185546875,"[22618.029372445468, 22508.220093003634, 22599.30829549658]"
r1,bf16,v2_ll,16384,2,3,25538.127769683968,25384.56243893196,25623.652334870963,26524.928092956543,"[25538.127769683968, 25384.56243893196, 25623.652334870963]"
r1,bf16,v2_ll,16384,4,3,22188.785433769226,22115.118947522395,22209.14605362662,22950.651359558105,"[22209.14605362662, 22115.118947522395, 22188.785433769226]"
r1,bf16,v2_ll,16384,8,3,46378.79182038636,45961.40258065586,47592.64018001228,88685.1291656494,"[46378.79182038636, 47592.64018001228, 45961.40258065586]"
r1,fp8,v2,4,1,3,161.86833139187817,157.8775405209383,163.1971505422402,168.05179864168167,"[161.86833139187817, 163.1971505422402, 157.8775405209383]"
r1,fp8,v2,4,2,3,170.1359260779131,163.83843678692034,171.3682064979241,176.67700201272964,"[171.3682064979241, 170.1359260779131, 163.83843678692034]"
r1,fp8,v2,4,4,3,187.94122368803826,183.53843477811535,190.09781194497543,194.2033976316452,"[190.09781194497543, 187.94122368803826, 183.53843477811535]"
r1,fp8,v2,4,8,3,218.82113112650555,210.88293069523985,219.70283773181768,225.9400025010109,"[219.70283773181768, 218.82113112650555, 210.88293069523985]"
r1,fp8,v2,16,1,3,175.94264831458187,172.11505776303338,177.35627507951497,182.1729987859726,"[177.35627507951497, 175.94264831458187, 172.11505776303338]"
r1,fp8,v2,16,2,3,179.0606978766877,172.45271525763232,181.13077340390663,186.10039502382278,"[181.13077340390663, 179.0606978766877, 172.45271525763232]"
r1,fp8,v2,16,4,3,194.74873020602712,186.4468292975477,195.78931861203807,199.75599646568298,"[194.74873020602712, 195.78931861203807, 186.4468292975477]"
r1,fp8,v2,16,8,3,225.7997621942697,217.44824517197137,228.45910500799275,234.68319922685623,"[228.45910500799275, 225.7997621942697, 217.44824517197137]"
r1,fp8,v2,64,1,3,232.7090768496795,228.89490936208387,233.98271705634122,241.01859629154205,"[232.7090768496795, 233.98271705634122, 228.89490936208387]"
r1,fp8,v2,64,2,3,232.35286349944514,228.63637461680275,236.0758445835833,242.73919761180878,"[232.35286349944514, 236.0758445835833, 228.63637461680275]"
r1,fp8,v2,64,4,3,242.93149283541175,235.0809455945574,246.5998421198335,250.93039870262146,"[242.93149283541175, 246.5998421198335, 235.0809455945574]"
r1,fp8,v2,64,8,3,256.51229643423494,247.58050367557283,258.6676908881757,269.73000317811966,"[256.51229643423494, 258.6676908881757, 247.58050367557283]"
r1,fp8,v2,256,1,3,460.6552938288399,460.43094380855047,465.2769190162934,471.764999628067,"[460.43094380855047, 465.2769190162934, 460.6552938288399]"
r1,fp8,v2,256,2,3,456.2312570272078,455.65307959271917,460.0618610576052,462.87000477313995,"[456.2312570272078, 460.0618610576052, 455.65307959271917]"
r1,fp8,v2,256,4,3,438.08435671159936,435.46913252693827,439.17816734455266,449.1661995649338,"[435.46913252693827, 439.17816734455266, 438.08435671159936]"
r1,fp8,v2,256,8,3,450.1106131597069,448.9588525049902,450.79513656874667,466.5181964635849,"[450.79513656874667, 450.1106131597069, 448.9588525049902]"
r1,fp8,v2,1024,1,3,1289.7083212717853,1283.0679309393824,1292.1878412237454,1326.2837886810303,"[1283.0679309393824, 1292.1878412237454, 1289.7083212717853]"
r1,fp8,v2,1024,2,3,1298.4590547095086,1293.5998669729152,1300.1132575987742,1344.3536043167114,"[1293.5998669729152, 1298.4590547095086, 1300.1132575987742]"
r1,fp8,v2,1024,4,3,1236.2817381348075,1228.9571256601605,1249.266999035046,1293.4849798679352,"[1236.2817381348075, 1249.266999035046, 1228.9571256601605]"
r1,fp8,v2,1024,8,3,1139.2063235157523,1133.245063046443,1140.7913645279818,1189.3585801124573,"[1133.245063046443, 1140.7913645279818, 1139.2063235157523]"
r1,fp8,v2,4096,1,3,4423.263455002472,4421.8448747334805,4432.199059375401,4462.289667129517,"[4423.263455002472, 4421.8448747334805, 4432.199059375401]"
r1,fp8,v2,4096,2,3,5372.777543191252,5362.169391636191,5399.057278345371,5859.850740432739,"[5362.169391636191, 5399.057278345371, 5372.777543191252]"
r1,fp8,v2,4096,4,3,4924.103103064257,4899.311555485273,4934.897496397125,5455.920696258545,"[4934.897496397125, 4924.103103064257, 4899.311555485273]"
r1,fp8,v2,4096,8,3,4205.851485117756,4154.155527080955,4246.033524516328,4653.181409835815,"[4205.851485117756, 4246.033524516328, 4154.155527080955]"
r1,fp8,v2,8192,1,3,8581.96241382895,8581.912235967044,8593.276795128297,8636.447858810425,"[8593.276795128297, 8581.912235967044, 8581.96241382895]"
r1,fp8,v2,8192,2,3,9792.040615760046,9775.950395341577,9806.384311667804,10998.500633239746,"[9792.040615760046, 9806.384311667804, 9775.950395341577]"
r1,fp8,v2,8192,4,3,8990.086944195731,8975.671245106336,19258.368428924987,10029.905462265015,"[19258.368428924987, 8975.671245106336, 8990.086944195731]"
r1,fp8,v2,8192,8,3,7488.182389787559,7457.944761319407,7537.092478881622,8270.294570922852,"[7488.182389787559, 7457.944761319407, 7537.092478881622]"
r1,fp8,v2,16384,1,3,17133.46944389672,17128.26437888474,17135.81087465944,17200.855445861816,"[17133.46944389672, 17135.81087465944, 17128.26437888474]"
r1,fp8,v2,16384,2,3,18736.73514353818,18727.69062477967,18897.283782219063,20364.375972747803,"[18897.283782219063, 18727.69062477967, 18736.73514353818]"
r1,fp8,v2,16384,4,3,17441.436723388473,17308.224374364163,17456.90063875297,18875.605392456055,"[17456.90063875297, 17441.436723388473, 17308.224374364163]"
r1,fp8,v2,16384,8,3,14728.420169702891,14677.198850903018,53101.85704251815,15672.841739654541,"[14677.198850903018, 53101.85704251815, 14728.420169702891]"
r1,fp8,v2_ll,4,1,3,99.04958811941846,96.67428627867123,113.85508588964827,140.93239903450007,"[113.85508588964827, 96.67428627867123, 99.04958811941846]"
r1,fp8,v2_ll,4,2,3,117.14843497611582,101.92972600684854,118.71183582517351,166.06840267777443,"[118.71183582517351, 101.92972600684854, 117.14843497611582]"
r1,fp8,v2_ll,4,4,3,128.10190693186274,121.18101710100369,129.50420016744013,186.66060119867325,"[121.18101710100369, 129.50420016744013, 128.10190693186274]"
r1,fp8,v2_ll,4,8,3,151.76069541384692,150.5905278829922,153.44993724359264,159.33320224285126,"[150.5905278829922, 151.76069541384692, 153.44993724359264]"
r1,fp8,v2_ll,16,1,3,115.87544146860982,104.83075201447154,116.43912673703042,159.01299938559532,"[104.83075201447154, 115.87544146860982, 116.43912673703042]"
r1,fp8,v2_ll,16,2,3,117.94444589458149,106.05226692358225,118.69638112116733,160.70820093154907,"[118.69638112116733, 106.05226692358225, 117.94444589458149]"
r1,fp8,v2_ll,16,4,3,122.96081001163813,120.75953420797556,131.4477711466366,128.37300077080727,"[131.4477711466366, 120.75953420797556, 122.96081001163813]"
r1,fp8,v2_ll,16,8,3,156.25733377990025,153.90547580920673,159.41878844951762,171.3959977030754,"[153.90547580920673, 156.25733377990025, 159.41878844951762]"
r1,fp8,v2_ll,64,1,3,182.23262688241385,182.05299089534273,182.43477127418436,189.96380418539047,"[182.05299089534273, 182.23262688241385, 182.43477127418436]"
r1,fp8,v2_ll,64,2,3,183.5882451128343,182.96040269417753,183.77815015967292,193.2429999113083,"[183.77815015967292, 182.96040269417753, 183.5882451128343]"
r1,fp8,v2_ll,64,4,3,192.6530772691657,190.48244359999381,193.33288961507637,200.83559900522232,"[190.48244359999381, 192.6530772691657, 193.33288961507637]"
r1,fp8,v2_ll,64,8,3,206.68034228207222,206.22518891468644,207.67740900467695,215.6747967004776,"[206.22518891468644, 207.67740900467695, 206.68034228207222]"
r1,fp8,v2_ll,256,1,3,427.0893931549428,424.2249607943512,430.1800980585916,458.41439962387085,"[427.0893931549428, 430.1800980585916, 424.2249607943512]"
r1,fp8,v2_ll,256,2,3,435.8562618686721,433.8379174727818,438.8238845457291,462.0296001434326,"[435.8562618686721, 438.8238845457291, 433.8379174727818]"
r1,fp8,v2_ll,256,4,3,428.35952657885076,421.7904473911842,428.8779839809085,460.52560210227966,"[428.8779839809085, 421.7904473911842, 428.35952657885076]"
r1,fp8,v2_ll,256,8,3,436.712802837378,436.23938347245087,444.5153134232708,468.5250073671341,"[444.5153134232708, 436.23938347245087, 436.712802837378]"
r1,fp8,v2_ll,1024,1,3,1315.394961821108,1309.073044950592,1321.7790560347253,1409.106993675232,"[1309.073044950592, 1321.7790560347253, 1315.394961821108]"
r1,fp8,v2_ll,1024,2,3,1333.0201795324683,1303.7812855608504,1340.263400098373,1438.759970664978,"[1340.263400098373, 1303.7812855608504, 1333.0201795324683]"
r1,fp8,v2_ll,1024,4,3,1266.2929037007793,1266.2011234667793,1280.6978013751836,1377.0480155944824,"[1266.2929037007793, 1266.2011234667793, 1280.6978013751836]"
r1,fp8,v2_ll,1024,8,3,1181.436698048793,1178.0364420907251,1190.2821017108088,1253.612768650055,"[1178.0364420907251, 1190.2821017108088, 1181.436698048793]"
r1,fp8,v2_ll,4096,1,3,4629.277038676985,4628.028469609803,4653.921020698958,4794.525980949402,"[4628.028469609803, 4629.277038676985, 4653.921020698958]"
r1,fp8,v2_ll,4096,2,3,4970.982476298152,4958.30663370675,4982.517709762886,5301.286935806274,"[4970.982476298152, 4982.517709762886, 4958.30663370675]"
r1,fp8,v2_ll,4096,4,3,4803.341562634912,4730.579484125664,4812.689608797945,5375.781559944153,"[4812.689608797945, 4730.579484125664, 4803.341562634912]"
r1,fp8,v2_ll,4096,8,3,4323.396549142641,4309.745891083931,4351.370830088854,4535.473275184631,"[4351.370830088854, 4309.745891083931, 4323.396549142641]"
r1,fp8,v2_ll,8192,1,3,9047.572327071222,9044.192551538861,9081.665552895645,9360.351657867432,"[9044.192551538861, 9081.665552895645, 9047.572327071222]"
r1,fp8,v2_ll,8192,2,3,9518.260986640536,9511.287633715005,9529.211963559019,9919.325065612793,"[9511.287633715005, 9529.211963559019, 9518.260986640536]"
r1,fp8,v2_ll,8192,4,3,8718.74969118628,8648.591631445392,43210.30685665279,9203.182411193848,"[43210.30685665279, 8648.591631445392, 8718.74969118628]"
r1,fp8,v2_ll,8192,8,3,9743.56175316819,9212.752645899509,11031.22480367792,17838.79356384277,"[11031.22480367792, 9212.752645899509, 9743.56175316819]"
r1,fp8,v2_ll,16384,1,3,17844.60759985036,17807.067630619837,17869.043072749828,18320.714378356934,"[17869.043072749828, 17807.067630619837, 17844.60759985036]"
r1,fp8,v2_ll,16384,2,3,19218.278916745352,19163.89107909696,19294.09992900388,20167.04692840576,"[19218.278916745352, 19163.89107909696, 19294.09992900388]"
r1,fp8,v2_ll,16384,4,3,17239.73515115935,17163.936394041983,17305.422968905546,18124.507331848145,"[17239.73515115935, 17163.936394041983, 17305.422968905546]"
r1,fp8,v2_ll,16384,8,3,56384.54069299944,44861.897460345564,58152.438533203356,115749.98664855953,"[58152.438533203356, 56384.54069299944, 44861.897460345564]"
v4_flash,bf16,v2,4,1,3,125.42754918304753,123.9828788514795,126.28340707481678,131.2930002808571,"[126.28340707481678, 125.42754918304753, 123.9828788514795]"
v4_flash,bf16,v2,4,2,3,130.16550180277434,127.43436394997968,136.35170001311806,136.95740029215813,"[136.35170001311806, 130.16550180277434, 127.43436394997968]"
v4_flash,bf16,v2,4,4,3,146.26949978189478,146.10681204317973,148.82563749039224,152.00499817728996,"[146.26949978189478, 148.82563749039224, 146.10681204317973]"
v4_flash,bf16,v2,4,8,3,189.23220859744168,179.38798010863107,190.79437034589978,194.61100101470947,"[189.23220859744168, 190.79437034589978, 179.38798010863107]"
v4_flash,bf16,v2,16,1,3,129.50207082683156,128.2577841815635,134.65220846460554,135.66099852323532,"[134.65220846460554, 129.50207082683156, 128.2577841815635]"
v4_flash,bf16,v2,16,2,3,134.25293053371897,131.5190987099476,143.21487677155127,142.96399876475334,"[143.21487677155127, 134.25293053371897, 131.5190987099476]"
v4_flash,bf16,v2,16,4,3,152.97820635846463,146.52240506758721,169.65402113594885,158.1319995224476,"[169.65402113594885, 152.97820635846463, 146.52240506758721]"
v4_flash,bf16,v2,16,8,3,184.2340576815708,182.55893691796166,192.41379695976602,193.92439872026443,"[192.41379695976602, 184.2340576815708, 182.55893691796166]"
v4_flash,bf16,v2,64,1,3,169.1472169397206,168.69138105740322,183.53347782976925,176.24399811029434,"[183.53347782976925, 168.69138105740322, 169.1472169397206]"
v4_flash,bf16,v2,64,2,3,171.0488248680686,168.8532861720385,177.9769673012197,178.2839998602867,"[177.9769673012197, 168.8532861720385, 171.0488248680686]"
v4_flash,bf16,v2,64,4,3,178.59084645671578,173.58765693317198,180.94682476708087,185.7800006866455,"[180.94682476708087, 178.59084645671578, 173.58765693317198]"
v4_flash,bf16,v2,64,8,3,205.2274822129001,204.09733993161856,211.71580099275914,215.70759564638138,"[211.71580099275914, 204.09733993161856, 205.2274822129001]"
v4_flash,bf16,v2,256,1,3,328.269733918895,327.82031589284026,329.13455090903005,335.7685983181,"[327.82031589284026, 329.13455090903005, 328.269733918895]"
v4_flash,bf16,v2,256,2,3,327.99841506920495,327.5009301844342,329.0390204638243,336.20800226926804,"[327.99841506920495, 329.0390204638243, 327.5009301844342]"
v4_flash,bf16,v2,256,4,3,311.947582707066,310.67166719906805,312.97833965448984,323.9214062690735,"[310.67166719906805, 311.947582707066, 312.97833965448984]"
v4_flash,bf16,v2,256,8,3,330.6809348889209,329.4183224889225,330.83386134741636,345.9129899740219,"[329.4183224889225, 330.6809348889209, 330.83386134741636]"
v4_flash,bf16,v2,1024,1,3,906.8786937358051,904.9841015888699,909.4676182059378,935.275387763977,"[904.9841015888699, 906.8786937358051, 909.4676182059378]"
v4_flash,bf16,v2,1024,2,3,908.1451401499838,907.6983474580378,908.261879700525,957.0049941539763,"[907.6983474580378, 908.261879700525, 908.1451401499838]"
v4_flash,bf16,v2,1024,4,3,849.419171311732,847.1897340797145,850.1515142491152,885.9656095504761,"[849.419171311732, 850.1515142491152, 847.1897340797145]"
v4_flash,bf16,v2,1024,8,3,784.3377520811969,775.3452861617351,790.7149272103762,888.4933829307556,"[775.3452861617351, 784.3377520811969, 790.7149272103762]"
v4_flash,bf16,v2,4096,1,3,3158.0764892800103,3157.9270879256314,3161.0422697046706,3177.1193981170654,"[3161.0422697046706, 3158.0764892800103, 3157.9270879256314]"
v4_flash,bf16,v2,4096,2,3,3967.2502723747284,3954.2871125299357,4017.976852711932,4255.022382736206,"[3967.2502723747284, 3954.2871125299357, 4017.976852711932]"
v4_flash,bf16,v2,4096,4,3,3438.067559024383,3436.790807493802,3508.0837845031556,3860.4654788970947,"[3438.067559024383, 3508.0837845031556, 3436.790807493802]"
v4_flash,bf16,v2,4096,8,3,2643.8661089231227,2636.4033423877995,2655.1456862482532,2808.487391471863,"[2643.8661089231227, 2636.4033423877995, 2655.1456862482532]"
v4_flash,bf16,v2,8192,1,3,6157.86037517005,6155.015269230152,6160.332479867442,6177.888965606689,"[6160.332479867442, 6155.015269230152, 6157.86037517005]"
v4_flash,bf16,v2,8192,2,3,7576.379026832252,7495.440437875945,7599.011334879645,8408.351421356201,"[7599.011334879645, 7495.440437875945, 7576.379026832252]"
v4_flash,bf16,v2,8192,4,3,6527.125215222096,6487.374257167866,6665.96142331074,7429.572772979736,"[6665.96142331074, 6487.374257167866, 6527.125215222096]"
v4_flash,bf16,v2,8192,8,3,5232.532897386058,5200.947230232173,5339.2870898904475,5743.513822555542,"[5200.947230232173, 5232.532897386058, 5339.2870898904475]"
v4_flash,bf16,v2,16384,1,3,12141.377475754967,12139.941852668237,12143.752311838085,12167.40083694458,"[12141.377475754967, 12139.941852668237, 12143.752311838085]"
v4_flash,bf16,v2,16384,2,3,15116.538168541316,15101.595012278392,15117.679545077784,16205.656051635742,"[15101.595012278392, 15117.679545077784, 15116.538168541316]"
v4_flash,bf16,v2,16384,4,3,13097.278403824774,13045.725366164897,13327.778535670248,14859.827327728271,"[13097.278403824774, 13327.778535670248, 13045.725366164897]"
v4_flash,bf16,v2,16384,8,3,18606.236540551843,16379.126908964125,24353.679393899853,63209.647369384766,"[16379.126908964125, 24353.679393899853, 18606.236540551843]"
v4_flash,bf16,v2_ll,4,1,3,88.24006439154518,87.71229728028692,121.54019559765685,98.39799851179123,"[121.54019559765685, 87.71229728028692, 88.24006439154518]"
v4_flash,bf16,v2_ll,4,2,3,95.00972599048039,94.79254941006415,96.01713546776566,102.80599892139435,"[95.00972599048039, 96.01713546776566, 94.79254941006415]"
v4_flash,bf16,v2_ll,4,4,3,112.50615931629878,110.72757946937506,113.61908365908111,119.29300129413605,"[110.72757946937506, 113.61908365908111, 112.50615931629878]"
v4_flash,bf16,v2_ll,4,8,3,148.1945167761296,144.7930253062654,150.88574082494296,155.98899871110916,"[150.88574082494296, 144.7930253062654, 148.1945167761296]"
v4_flash,bf16,v2_ll,16,1,3,94.98604070716377,93.49233800834367,97.77372829005893,101.70999765396118,"[94.98604070716377, 97.77372829005893, 93.49233800834367]"
v4_flash,bf16,v2_ll,16,2,3,98.78991137997343,98.62110326227186,99.25463974700662,105.67759945988655,"[98.62110326227186, 99.25463974700662, 98.78991137997343]"
v4_flash,bf16,v2_ll,16,4,3,116.1057239494704,115.84504495439087,116.9441634837281,122.71699756383896,"[116.1057239494704, 115.84504495439087, 116.9441634837281]"
v4_flash,bf16,v2_ll,16,8,3,152.57408820767085,150.0376763930223,155.61113322699634,162.74800300598145,"[155.61113322699634, 150.0376763930223, 152.57408820767085]"
v4_flash,bf16,v2_ll,64,1,3,137.0596075350226,136.56613117501396,137.32595212661244,145.00460028648376,"[137.32595212661244, 137.0596075350226, 136.56613117501396]"
v4_flash,bf16,v2_ll,64,2,3,138.01429699303517,137.81586400201095,138.60094348161385,145.83700150251389,"[138.60094348161385, 137.81586400201095, 138.01429699303517]"
v4_flash,bf16,v2_ll,64,4,3,146.70756430333032,146.51068285557216,147.54888970918697,153.7966012954712,"[147.54888970918697, 146.70756430333032, 146.51068285557216]"
v4_flash,bf16,v2_ll,64,8,3,176.04692638369983,175.73703181576627,178.72539812955876,187.0673954486847,"[178.72539812955876, 175.73703181576627, 176.04692638369983]"
v4_flash,bf16,v2_ll,256,1,3,311.2044211091666,310.20622571994517,312.1105166922869,328.3999979496002,"[311.2044211091666, 310.20622571994517, 312.1105166922869]"
v4_flash,bf16,v2_ll,256,2,3,317.6246974777816,317.3860640521964,317.77174713025835,331.53600692749023,"[317.6246974777816, 317.3860640521964, 317.77174713025835]"
v4_flash,bf16,v2_ll,256,4,3,307.7944434922317,306.0684644071193,311.178098673579,322.1686005592346,"[311.178098673579, 307.7944434922317, 306.0684644071193]"
v4_flash,bf16,v2_ll,256,8,3,326.16648617489585,323.9803159737895,327.40879694706405,338.19999396800995,"[326.16648617489585, 327.40879694706405, 323.9803159737895]"
v4_flash,bf16,v2_ll,1024,1,3,948.9688820623119,914.8281666867692,954.470466886615,1012.0184183120728,"[914.8281666867692, 954.470466886615, 948.9688820623119]"
v4_flash,bf16,v2_ll,1024,2,3,923.4920450454129,919.9891568257891,930.0602630166144,993.6657965183258,"[919.9891568257891, 923.4920450454129, 930.0602630166144]"
v4_flash,bf16,v2_ll,1024,4,3,878.8306989931855,873.276688993491,879.5142870653292,935.9328210353851,"[879.5142870653292, 878.8306989931855, 873.276688993491]"
v4_flash,bf16,v2_ll,1024,8,3,830.5932042542203,827.6898043294406,853.6342656047179,890.5179977416992,"[830.5932042542203, 853.6342656047179, 827.6898043294406]"
v4_flash,bf16,v2_ll,4096,1,3,3234.5801656102312,3231.6810164985986,3241.488339829034,3323.143768310547,"[3241.488339829034, 3231.6810164985986, 3234.5801656102312]"
v4_flash,bf16,v2_ll,4096,2,3,3508.088344130023,3497.6238690573596,3526.7424770984157,3870.8789110183716,"[3508.088344130023, 3497.6238690573596, 3526.7424770984157]"
v4_flash,bf16,v2_ll,4096,4,3,3491.7408988393586,3472.61647982844,3547.619034247152,3907.028031349182,"[3491.7408988393586, 3472.61647982844, 3547.619034247152]"
v4_flash,bf16,v2_ll,4096,8,3,2952.993042767048,2952.750969549705,2977.79843211174,3117.153000831604,"[2977.79843211174, 2952.750969549705, 2952.993042767048]"
v4_flash,bf16,v2_ll,8192,1,3,6302.5814844616525,6301.533588047685,6303.78737480476,6457.781028747559,"[6301.533588047685, 6302.5814844616525, 6303.78737480476]"
v4_flash,bf16,v2_ll,8192,2,3,6813.46655919634,6792.099548824902,6882.957166125035,7345.04976272583,"[6813.46655919634, 6792.099548824902, 6882.957166125035]"
v4_flash,bf16,v2_ll,8192,4,3,6187.671563748656,6164.368510246277,6262.958572342478,6499.637126922607,"[6187.671563748656, 6262.958572342478, 6164.368510246277]"
v4_flash,bf16,v2_ll,8192,8,3,5436.616895527675,5419.646003636821,22013.374333751613,5699.95584487915,"[5419.646003636821, 5436.616895527675, 22013.374333751613]"
v4_flash,bf16,v2_ll,16384,1,3,12448.38545754038,12424.787383655022,39149.7439721535,12705.115795135498,"[39149.7439721535, 12448.38545754038, 12424.787383655022]"
v4_flash,bf16,v2_ll,16384,2,3,13158.537419705555,13144.804283462721,13159.40512048787,13682.914924621582,"[13144.804283462721, 13158.537419705555, 13159.40512048787]"
v4_flash,bf16,v2_ll,16384,4,3,12535.633471505394,12487.316662895268,12566.309997747685,13333.150577545166,"[12566.309997747685, 12487.316662895268, 12535.633471505394]"
v4_flash,bf16,v2_ll,16384,8,3,18558.475804226153,18007.288405607487,18586.236802668405,27045.250701904297,"[18007.288405607487, 18586.236802668405, 18558.475804226153]"
v4_flash,fp8,v2,4,1,3,127.31106221226268,124.97287902756241,146.38528838785814,133.87660011649132,"[146.38528838785814, 127.31106221226268, 124.97287902756241]"
v4_flash,fp8,v2,4,2,3,134.49557510943248,130.62013771609756,137.04754054899615,139.5170010626316,"[137.04754054899615, 134.49557510943248, 130.62013771609756]"
v4_flash,fp8,v2,4,4,3,154.72850402624442,152.33435966716758,165.4480125771129,160.28360277414322,"[165.4480125771129, 154.72850402624442, 152.33435966716758]"
v4_flash,fp8,v2,4,8,3,187.22846962768455,180.2736029735413,189.86236575412852,195.17199844121933,"[189.86236575412852, 187.22846962768455, 180.2736029735413]"
v4_flash,fp8,v2,16,1,3,132.0590061087418,131.62494575251537,136.50865047559913,137.37300038337708,"[136.50865047559913, 132.0590061087418, 131.62494575251537]"
v4_flash,fp8,v2,16,2,3,137.35059642329298,132.03350801406236,141.042958696148,143.10859888792038,"[141.042958696148, 137.35059642329298, 132.03350801406236]"
v4_flash,fp8,v2,16,4,3,156.45905802475994,154.49221295722086,162.08197153173387,167.2363981604576,"[162.08197153173387, 154.49221295722086, 156.45905802475994]"
v4_flash,fp8,v2,16,8,3,193.9733035316498,187.75809236705817,194.66182929945404,248.7629994750023,"[194.66182929945404, 193.9733035316498, 187.75809236705817]"
v4_flash,fp8,v2,64,1,3,161.0064544024524,160.3963229130825,165.4378488290541,167.61999875307083,"[165.4378488290541, 160.3963229130825, 161.0064544024524]"
v4_flash,fp8,v2,64,2,3,166.19289184695688,160.13510317284744,168.68169979866724,174.65299665927887,"[168.68169979866724, 166.19289184695688, 160.13510317284744]"
v4_flash,fp8,v2,64,4,3,171.590984413593,168.43656204030688,178.24392160400748,186.8193954229355,"[178.24392160400748, 171.590984413593, 168.43656204030688]"
v4_flash,fp8,v2,64,8,3,194.56225802222716,193.60808130546377,204.10024292831278,205.83600103855133,"[204.10024292831278, 194.56225802222716, 193.60808130546377]"
v4_flash,fp8,v2,256,1,3,285.3923593326632,284.867016357723,286.04899529881516,294.3213999271393,"[286.04899529881516, 285.3923593326632, 284.867016357723]"
v4_flash,fp8,v2,256,2,3,283.99412017636774,282.89525114513674,284.56494992534664,293.2256057858467,"[282.89525114513674, 284.56494992534664, 283.99412017636774]"
v4_flash,fp8,v2,256,4,3,275.1668096712694,274.4112083495691,277.00692837544045,290.8095970749855,"[277.00692837544045, 275.1668096712694, 274.4112083495691]"
v4_flash,fp8,v2,256,8,3,287.9587345082184,287.68438479766763,292.41382223072236,303.02539467811584,"[292.41382223072236, 287.9587345082184, 287.68438479766763]"
v4_flash,fp8,v2,1024,1,3,747.4128713767076,745.5174057134267,749.5963153397215,776.1580169200897,"[747.4128713767076, 745.5174057134267, 749.5963153397215]"
v4_flash,fp8,v2,1024,2,3,748.635974776899,742.7239333889607,754.9235803428395,781.8220049142838,"[748.635974776899, 754.9235803428395, 742.7239333889607]"
v4_flash,fp8,v2,1024,4,3,722.4750908990873,715.0743540440654,724.8609419269808,750.3520011901855,"[724.8609419269808, 722.4750908990873, 715.0743540440654]"
v4_flash,fp8,v2,1024,8,3,660.5578236089184,659.1202606093781,670.9398459643126,706.6796064376831,"[670.9398459643126, 659.1202606093781, 660.5578236089184]"
v4_flash,fp8,v2,4096,1,3,2499.2426735316885,2496.5304262165364,2499.608109865723,2519.4810271263123,"[2499.2426735316885, 2496.5304262165364, 2499.608109865723]"
v4_flash,fp8,v2,4096,2,3,2664.087647251014,2657.6522591299026,2670.8973732230993,2852.2600054740906,"[2670.8973732230993, 2664.087647251014, 2657.6522591299026]"
v4_flash,fp8,v2,4096,4,3,2540.4680563971915,2529.3495066720866,2585.7792643123657,2641.122782230377,"[2540.4680563971915, 2529.3495066720866, 2585.7792643123657]"
v4_flash,fp8,v2,4096,8,3,2252.0840382524607,2195.8811551589392,2326.7226181924343,2465.8100247383118,"[2326.7226181924343, 2195.8811551589392, 2252.0840382524607]"
v4_flash,fp8,v2,8192,1,3,4832.906011106639,4828.378729008395,4833.493733457451,4865.456342697144,"[4833.493733457451, 4832.906011106639, 4828.378729008395]"
v4_flash,fp8,v2,8192,2,3,5409.027396861849,5397.567618509819,25411.088706090533,5753.996586799622,"[5409.027396861849, 25411.088706090533, 5397.567618509819]"
v4_flash,fp8,v2,8192,4,3,5347.5671731706325,5262.716886555327,5351.337449047072,5813.670253753662,"[5351.337449047072, 5262.716886555327, 5347.5671731706325]"
v4_flash,fp8,v2,8192,8,3,4090.563168171151,4081.0890043603963,4092.611878468045,4275.318646430969,"[4081.0890043603963, 4090.563168171151, 4092.611878468045]"
v4_flash,fp8,v2,16384,1,3,9497.228206745509,9496.535600259387,9501.495557098553,9534.141635894775,"[9497.228206745509, 9496.535600259387, 9501.495557098553]"
v4_flash,fp8,v2,16384,2,3,10728.01125357891,10696.477365391007,10746.083804759486,11387.571477890015,"[10746.083804759486, 10696.477365391007, 10728.01125357891]"
v4_flash,fp8,v2,16384,4,3,10045.689089031055,10019.794099289795,10071.101817591438,10633.116483688354,"[10019.794099289795, 10045.689089031055, 10071.101817591438]"
v4_flash,fp8,v2,16384,8,3,18563.983930339073,17436.44404539774,18700.44535706783,54610.196614265435,"[18700.44535706783, 18563.983930339073, 17436.44404539774]"
v4_flash,fp8,v2_ll,4,1,3,91.3567369450526,90.9143035412477,115.43059446206638,97.65399917960167,"[91.3567369450526, 90.9143035412477, 115.43059446206638]"
v4_flash,fp8,v2_ll,4,2,3,116.99237472152916,106.63092203020793,117.5969868240043,143.50900053977966,"[117.5969868240043, 116.99237472152916, 106.63092203020793]"
v4_flash,fp8,v2_ll,4,4,3,128.13035963938154,115.71177104006297,137.38440276637417,171.2770015001297,"[128.13035963938154, 115.71177104006297, 137.38440276637417]"
v4_flash,fp8,v2_ll,4,8,3,148.34749320489837,148.24142417035483,160.12234900724786,155.8919996023178,"[148.34749320489837, 160.12234900724786, 148.24142417035483]"
v4_flash,fp8,v2_ll,16,1,3,94.76565275790877,94.29897594361984,118.02551703495455,101.82999968528748,"[94.76565275790877, 94.29897594361984, 118.02551703495455]"
v4_flash,fp8,v2_ll,16,2,3,120.26930806740862,98.362141939137,121.6642152405633,151.86860114336014,"[120.26930806740862, 98.362141939137, 121.6642152405633]"
v4_flash,fp8,v2_ll,16,4,3,117.13563308826295,115.83521949320004,127.24203406030247,124.57239851355553,"[117.13563308826295, 115.83521949320004, 127.24203406030247]"
v4_flash,fp8,v2_ll,16,8,3,148.01107078854895,147.49158581654572,150.51056003872435,159.02039706707,"[148.01107078854895, 150.51056003872435, 147.49158581654572]"
v4_flash,fp8,v2_ll,64,1,3,133.38514842125105,124.85414195870017,133.64163982874618,166.42059981822968,"[133.64163982874618, 133.38514842125105, 124.85414195870017]"
v4_flash,fp8,v2_ll,64,2,3,126.84043935211054,125.40579070176544,139.43565039542216,136.88540011644363,"[125.40579070176544, 126.84043935211054, 139.43565039542216]"
v4_flash,fp8,v2_ll,64,4,3,135.74273451552565,135.05373041723567,143.68745634043268,141.9170007109642,"[143.68745634043268, 135.05373041723567, 135.74273451552565]"
v4_flash,fp8,v2_ll,64,8,3,161.8890145568755,161.67799776805373,161.98644183319192,173.89259934425354,"[161.8890145568755, 161.67799776805373, 161.98644183319192]"
v4_flash,fp8,v2_ll,256,1,3,264.5950251387368,264.31141726287274,266.9721522272147,278.88299971818924,"[264.31141726287274, 266.9721522272147, 264.5950251387368]"
v4_flash,fp8,v2_ll,256,2,3,271.9801394750589,271.46316811057,272.30970823238124,287.6735955476761,"[271.46316811057, 271.9801394750589, 272.30970823238124]"
v4_flash,fp8,v2_ll,256,4,3,268.5824646293346,267.702999460543,274.3859433665358,283.6415946483612,"[274.3859433665358, 268.5824646293346, 267.702999460543]"
v4_flash,fp8,v2_ll,256,8,3,283.45143255488625,281.22150787184466,291.512117753255,298.3055979013443,"[291.512117753255, 281.22150787184466, 283.45143255488625]"
v4_flash,fp8,v2_ll,1024,1,3,761.1461937877125,758.0411872537486,765.4827539648476,807.5344026088715,"[761.1461937877125, 765.4827539648476, 758.0411872537486]"
v4_flash,fp8,v2_ll,1024,2,3,759.1020242343175,754.8127347474982,764.360108059542,807.4134111404419,"[759.1020242343175, 764.360108059542, 754.8127347474982]"
v4_flash,fp8,v2_ll,1024,4,3,734.4121384787662,729.294066510067,739.3105819114837,788.5264098644257,"[739.3105819114837, 729.294066510067, 734.4121384787662]"
v4_flash,fp8,v2_ll,1024,8,3,690.0505543654335,689.7971893435922,690.4197658315815,743.8313961029053,"[690.0505543654335, 689.7971893435922, 690.4197658315815]"
v4_flash,fp8,v2_ll,4096,1,3,2559.938733947688,2552.8239585973065,2560.744293162535,2653.208577632904,"[2552.8239585973065, 2559.938733947688, 2560.744293162535]"
v4_flash,fp8,v2_ll,4096,2,3,2752.524485747362,2746.9215921029963,2764.979987565813,2885.8563899993896,"[2764.979987565813, 2746.9215921029963, 2752.524485747362]"
v4_flash,fp8,v2_ll,4096,4,3,2703.3982529979326,2696.1510047830384,2744.867954146245,2913.775420188904,"[2703.3982529979326, 2696.1510047830384, 2744.867954146245]"
v4_flash,fp8,v2_ll,4096,8,3,2380.1681434029133,2371.235654528799,2381.2598899520676,2517.7047848701477,"[2381.2598899520676, 2380.1681434029133, 2371.235654528799]"
v4_flash,fp8,v2_ll,8192,1,3,4959.080040197948,4945.7022696733475,4979.9213013772305,5106.552934646606,"[4959.080040197948, 4979.9213013772305, 4945.7022696733475]"
v4_flash,fp8,v2_ll,8192,2,3,5366.806144601313,5330.2847961413445,25969.563564349864,5625.131940841675,"[5366.806144601313, 25969.563564349864, 5330.2847961413445]"
v4_flash,fp8,v2_ll,8192,4,3,4889.672468191591,4876.213523334471,4915.115231840775,5276.325821876526,"[4915.115231840775, 4876.213523334471, 4889.672468191591]"
v4_flash,fp8,v2_ll,8192,8,3,4268.235157019106,4266.774227906918,4270.635556814999,4454.54695224762,"[4266.774227906918, 4268.235157019106, 4270.635556814999]"
v4_flash,fp8,v2_ll,16384,1,3,9717.17585058048,9705.01829067181,54998.70686233044,9978.142976760864,"[54998.70686233044, 9717.17585058048, 9705.01829067181]"
v4_flash,fp8,v2_ll,16384,2,3,10285.093811565432,10268.00955112638,10291.171878576279,10664.012145996094,"[10268.00955112638, 10291.171878576279, 10285.093811565432]"
v4_flash,fp8,v2_ll,16384,4,3,9756.606692897862,9744.065523147583,9782.015906325702,10191.665887832642,"[9744.065523147583, 9782.015906325702, 9756.606692897862]"
v4_flash,fp8,v2_ll,16384,8,3,18148.382155802745,17915.659327702277,23647.359658931862,60355.48849105834,"[17915.659327702277, 23647.359658931862, 18148.382155802745]"
v4_pro,bf16,v2,4,1,3,155.26350404553372,151.9291050860594,160.027799180484,164.31699991226196,"[160.027799180484, 155.26350404553372, 151.9291050860594]"
v4_pro,bf16,v2,4,2,3,164.96947593184123,163.10537038852686,168.81522366873406,172.54799753427505,"[168.81522366873406, 164.96947593184123, 163.10537038852686]"
v4_pro,bf16,v2,4,4,3,181.25832723132496,179.04409636936055,195.8793763649361,189.34800028800964,"[195.8793763649361, 181.25832723132496, 179.04409636936055]"
v4_pro,bf16,v2,4,8,3,214.79511142162414,213.6873897036602,215.01344983498083,222.12299406528473,"[215.01344983498083, 214.79511142162414, 213.6873897036602]"
v4_pro,bf16,v2,16,1,3,170.59227751953335,168.32283789548893,172.00552317281736,177.8999999165535,"[170.59227751953335, 172.00552317281736, 168.32283789548893]"
v4_pro,bf16,v2,16,2,3,174.68340889197486,171.51030130555918,176.39156427748244,180.34819662570953,"[171.51030130555918, 176.39156427748244, 174.68340889197486]"
v4_pro,bf16,v2,16,4,3,187.4217300772153,184.17111816334312,191.62593908800648,195.39500027894974,"[184.17111816334312, 191.62593908800648, 187.4217300772153]"
v4_pro,bf16,v2,16,8,3,222.23367835876758,219.32562851700288,230.67951004887962,232.39539861679077,"[219.32562851700288, 230.67951004887962, 222.23367835876758]"
v4_pro,bf16,v2,64,1,3,241.4436092407539,239.6487905965026,246.661470946053,268.3780014514923,"[239.6487905965026, 246.661470946053, 241.4436092407539]"
v4_pro,bf16,v2,64,2,3,241.9955212751339,237.24287655204535,245.11952120168456,269.29060220718384,"[237.24287655204535, 245.11952120168456, 241.9955212751339]"
v4_pro,bf16,v2,64,4,3,242.4095016261884,242.0708698959186,246.361313805241,255.54700195789337,"[242.0708698959186, 242.4095016261884, 246.361313805241]"
v4_pro,bf16,v2,64,8,3,260.6440923690539,258.6985165735,261.9358759919374,268.98660212755203,"[260.6440923690539, 258.6985165735, 261.9358759919374]"
v4_pro,bf16,v2,256,1,3,507.0550679389773,505.67226384862744,510.7744795366608,515.0120079517365,"[507.0550679389773, 505.67226384862744, 510.7744795366608]"
v4_pro,bf16,v2,256,2,3,509.01554030334125,506.85533499024035,511.2973189559476,527.9402136802673,"[509.01554030334125, 506.85533499024035, 511.2973189559476]"
v4_pro,bf16,v2,256,4,3,476.973880821004,476.30490439719165,478.01280888760914,488.4534001350403,"[476.973880821004, 478.01280888760914, 476.30490439719165]"
v4_pro,bf16,v2,256,8,3,492.405390880745,489.158670674881,497.1522767546362,524.4279950857161,"[497.1522767546362, 489.158670674881, 492.405390880745]"
v4_pro,bf16,v2,1024,1,3,1520.9912345584096,1519.2275880996524,1524.9849682481124,1556.740427017212,"[1519.2275880996524, 1524.9849682481124, 1520.9912345584096]"
v4_pro,bf16,v2,1024,2,3,1526.4532722789666,1524.582848081301,1526.5860545994906,1618.7144041061401,"[1524.582848081301, 1526.4532722789666, 1526.5860545994906]"
v4_pro,bf16,v2,1024,4,3,1427.4364016179381,1426.9415734271552,1428.0683006448992,1501.4879941940308,"[1427.4364016179381, 1426.9415734271552, 1428.0683006448992]"
v4_pro,bf16,v2,1024,8,3,1285.2583277071344,1283.1563814703761,1286.575693765591,1414.1704320907593,"[1286.575693765591, 1285.2583277071344, 1283.1563814703761]"
v4_pro,bf16,v2,4096,1,3,5454.626125508341,5452.507431650984,5458.69732365526,5473.809051513672,"[5452.507431650984, 5458.69732365526, 5454.626125508341]"
v4_pro,bf16,v2,4096,2,3,6542.670222705809,6504.4580615800005,6544.8355656759495,7510.506677627563,"[6544.8355656759495, 6542.670222705809, 6504.4580615800005]"
v4_pro,bf16,v2,4096,4,3,5621.013033235895,5533.264354642095,5753.755344142174,6408.728742599487,"[5621.013033235895, 5533.264354642095, 5753.755344142174]"
v4_pro,bf16,v2,4096,8,3,4677.252740438642,4609.744389252416,4687.2491307299715,5140.869235992432,"[4687.2491307299715, 4609.744389252416, 4677.252740438642]"
v4_pro,bf16,v2,8192,1,3,10687.907571422642,10679.245679542935,10690.497013001606,10716.654682159424,"[10687.907571422642, 10690.497013001606, 10679.245679542935]"
v4_pro,bf16,v2,8192,2,3,12774.957460062256,12734.436253021504,12836.991770000293,14150.643348693848,"[12734.436253021504, 12836.991770000293, 12774.957460062256]"
v4_pro,bf16,v2,8192,4,3,10999.991260212044,10972.59758104538,11126.03901121123,12835.305595397947,"[11126.03901121123, 10999.991260212044, 10972.59758104538]"
v4_pro,bf16,v2,8192,8,3,9162.509590901178,9140.724592167755,9313.853664131,9742.915630340576,"[9162.509590901178, 9313.853664131, 9140.724592167755]"
v4_pro,bf16,v2,16384,1,3,21183.22866538475,21182.4355865347,21184.20757712989,21213.85040283203,"[21184.20757712989, 21183.22866538475, 21182.4355865347]"
v4_pro,bf16,v2,16384,2,3,25114.728825873342,25099.644598262064,25148.176612525152,26718.794059753418,"[25099.644598262064, 25114.728825873342, 25148.176612525152]"
v4_pro,bf16,v2,16384,4,3,22464.37540342068,21978.388883944215,22645.756939361836,29399.662208557107,"[22464.37540342068, 21978.388883944215, 22645.756939361836]"
v4_pro,bf16,v2,16384,8,3,18227.261180507725,18038.98108519357,24043.807911461798,23200.17814636229,"[18038.98108519357, 24043.807911461798, 18227.261180507725]"
v4_pro,bf16,v2_ll,4,1,3,95.74954067196312,93.36037689755703,119.69530804821386,102.0139992237091,"[119.69530804821386, 95.74954067196312, 93.36037689755703]"
v4_pro,bf16,v2_ll,4,2,3,101.77328638282829,101.1538208574699,129.78034253746014,108.7662011384964,"[129.78034253746014, 101.1538208574699, 101.77328638282829]"
v4_pro,bf16,v2_ll,4,4,3,120.92493939341912,118.71532932855189,121.27551262202705,131.77299946546555,"[121.27551262202705, 118.71532932855189, 120.92493939341912]"
v4_pro,bf16,v2_ll,4,8,3,154.59284261832462,153.81233153286678,156.25276042405386,164.45999890565872,"[154.59284261832462, 153.81233153286678, 156.25276042405386]"
v4_pro,bf16,v2_ll,16,1,3,107.1288465714917,106.54539413396911,125.15283803905136,114.26159888505936,"[125.15283803905136, 107.1288465714917, 106.54539413396911]"
v4_pro,bf16,v2_ll,16,2,3,109.41095439042768,109.00157732600024,110.48049983118885,114.84599858522415,"[110.48049983118885, 109.41095439042768, 109.00157732600024]"
v4_pro,bf16,v2_ll,16,4,3,126.83445448055863,125.37060317519153,146.72763110138476,135.09299978613853,"[126.83445448055863, 146.72763110138476, 125.37060317519153]"
v4_pro,bf16,v2_ll,16,8,3,161.215935095117,159.30796082227909,161.35558134330245,171.21199816465378,"[161.35558134330245, 161.215935095117, 159.30796082227909]"
v4_pro,bf16,v2_ll,64,1,3,184.66170642781873,184.31814586551025,185.9358204849835,192.56339967250824,"[185.9358204849835, 184.31814586551025, 184.66170642781873]"
v4_pro,bf16,v2_ll,64,2,3,186.58824531554149,186.02863543442098,188.2896502181117,195.8274021744728,"[188.2896502181117, 186.02863543442098, 186.58824531554149]"
v4_pro,bf16,v2_ll,64,4,3,194.74407482956505,194.3113380111754,198.41324313190478,201.8119990825653,"[198.41324313190478, 194.3113380111754, 194.74407482956505]"
v4_pro,bf16,v2_ll,64,8,3,210.74383535647186,210.56124274137204,217.64972378853065,216.85099452733994,"[217.64972378853065, 210.74383535647186, 210.56124274137204]"
v4_pro,bf16,v2_ll,256,1,3,480.98747290927787,479.81384749813327,483.4237255091811,501.9643932580948,"[479.81384749813327, 483.4237255091811, 480.98747290927787]"
v4_pro,bf16,v2_ll,256,2,3,488.8756624904686,486.6470113589332,489.9589648984116,506.7729890346527,"[488.8756624904686, 486.6470113589332, 489.9589648984116]"
v4_pro,bf16,v2_ll,256,4,3,465.47317976967014,465.4222212667609,466.21152074557955,487.78879940509796,"[466.21152074557955, 465.47317976967014, 465.4222212667609]"
v4_pro,bf16,v2_ll,256,8,3,484.70814086111454,478.814421061041,488.12160432210254,504.0843993425369,"[478.814421061041, 484.70814086111454, 488.12160432210254]"
v4_pro,bf16,v2_ll,1024,1,3,1526.7276275774527,1526.3376605921778,1526.8101656231388,1591.7326211929321,"[1526.8101656231388, 1526.3376605921778, 1526.7276275774527]"
v4_pro,bf16,v2_ll,1024,2,3,1519.964286607915,1519.877207690272,1527.6557562936996,1600.270426273346,"[1519.964286607915, 1527.6557562936996, 1519.877207690272]"
v4_pro,bf16,v2_ll,1024,4,3,1470.210994368997,1465.5394385857828,1481.0938237170722,1579.2857766151428,"[1470.210994368997, 1465.5394385857828, 1481.0938237170722]"
v4_pro,bf16,v2_ll,1024,8,3,1352.7572436322425,1349.7726019343424,1361.9784617732312,1455.951189994812,"[1349.7726019343424, 1352.7572436322425, 1361.9784617732312]"
v4_pro,bf16,v2_ll,4096,1,3,5581.488160737629,5565.566482215092,5583.022649945884,5734.25931930542,"[5565.566482215092, 5581.488160737629, 5583.022649945884]"
v4_pro,bf16,v2_ll,4096,2,3,6122.174289205978,6108.412455638935,6160.5976627304635,6543.560886383057,"[6108.412455638935, 6160.5976627304635, 6122.174289205978]"
v4_pro,bf16,v2_ll,4096,4,3,6069.450574188397,5959.8737292248625,6072.342249340025,7074.267196655273,"[5959.8737292248625, 6072.342249340025, 6069.450574188397]"
v4_pro,bf16,v2_ll,4096,8,3,5024.254145550317,5019.479856665792,5044.798672969999,5292.912435531616,"[5019.479856665792, 5024.254145550317, 5044.798672969999]"
v4_pro,bf16,v2_ll,8192,1,3,10926.340842041476,10909.480710481776,10939.56862338658,11127.189636230469,"[10909.480710481776, 10939.56862338658, 10926.340842041476]"
v4_pro,bf16,v2_ll,8192,2,3,12048.7775720399,12026.808041950751,12070.00818026477,12943.4889793396,"[12048.7775720399, 12070.00818026477, 12026.808041950751]"
v4_pro,bf16,v2_ll,8192,4,3,10594.182923949998,10592.446719777996,10597.978373026026,11005.85651397705,"[10592.446719777996, 10594.182923949998, 10597.978373026026]"
v4_pro,bf16,v2_ll,8192,8,3,14406.141064290343,13616.315256418853,14588.001638650894,22849.155807495114,"[14588.001638650894, 14406.141064290343, 13616.315256418853]"
v4_pro,bf16,v2_ll,16384,1,3,21670.288895738537,21651.440661529014,25228.478225140738,22013.632202148438,"[25228.478225140738, 21651.440661529014, 21670.288895738537]"
v4_pro,bf16,v2_ll,16384,2,3,24778.197555706418,24754.428292142933,24837.859184577548,26372.40447998047,"[24754.428292142933, 24778.197555706418, 24837.859184577548]"
v4_pro,bf16,v2_ll,16384,4,3,21543.67832890872,21525.10779479454,21560.140977645744,22528.86962890625,"[21543.67832890872, 21560.140977645744, 21525.10779479454]"
v4_pro,bf16,v2_ll,16384,8,3,50618.17692888194,50008.6588160745,51968.62047396857,87599.56741333008,"[51968.62047396857, 50618.17692888194, 50008.6588160745]"
v4_pro,fp8,v2,4,1,3,154.79814199377495,148.23537048530477,163.0505621433258,161.668598651886,"[163.0505621433258, 154.79814199377495, 148.23537048530477]"
v4_pro,fp8,v2,4,2,3,161.3970622982316,160.87613512504976,167.040829402234,166.90000221133232,"[167.040829402234, 160.87613512504976, 161.3970622982316]"
v4_pro,fp8,v2,4,4,3,178.90121059588574,177.38373675544202,182.43432272996367,184.35559943318367,"[182.43432272996367, 178.90121059588574, 177.38373675544202]"
v4_pro,fp8,v2,4,8,3,216.82091734918026,211.45005349134064,218.7272794062978,223.46679866313934,"[218.7272794062978, 216.82091734918026, 211.45005349134064]"
v4_pro,fp8,v2,16,1,3,163.563991045772,162.37256872660384,164.85604905555473,170.07660120725632,"[163.563991045772, 164.85604905555473, 162.37256872660384]"
v4_pro,fp8,v2,16,2,3,167.81105335544925,164.9225901748086,168.2581029479103,174.139004945755,"[164.9225901748086, 168.2581029479103, 167.81105335544925]"
v4_pro,fp8,v2,16,4,3,182.9886591977215,176.91456203766424,183.21173031942854,189.32339698076248,"[176.91456203766424, 182.9886591977215, 183.21173031942854]"
v4_pro,fp8,v2,16,8,3,218.5082192018885,212.59653170047136,218.88295158037337,225.34700483083725,"[212.59653170047136, 218.88295158037337, 218.5082192018885]"
v4_pro,fp8,v2,64,1,3,217.74489172445288,216.91374952808536,218.90565450303257,224.51600283384323,"[218.90565450303257, 216.91374952808536, 217.74489172445288]"
v4_pro,fp8,v2,64,2,3,219.86373425621926,216.94927516489707,220.62973218873657,231.1873957514763,"[216.94927516489707, 219.86373425621926, 220.62973218873657]"
v4_pro,fp8,v2,64,4,3,222.7081953836926,222.17470649950977,228.19651212093646,237.04300075769424,"[222.17470649950977, 222.7081953836926, 228.19651212093646]"
v4_pro,fp8,v2,64,8,3,240.05177732685516,238.81664795094522,245.80731384199242,246.5463951230049,"[238.81664795094522, 240.05177732685516, 245.80731384199242]"
v4_pro,fp8,v2,256,1,3,430.4495112296065,428.7211820964926,431.01132441119387,439.93439972400665,"[428.7211820964926, 431.01132441119387, 430.4495112296065]"
v4_pro,fp8,v2,256,2,3,428.5947331227362,427.91180479629287,10219.537447704452,446.21438682079315,"[427.91180479629287, 428.5947331227362, 10219.537447704452]"
v4_pro,fp8,v2,256,4,3,412.1923162762461,407.6639060733904,413.5910134345036,430.90299665927887,"[407.6639060733904, 413.5910134345036, 412.1923162762461]"
v4_pro,fp8,v2,256,8,3,426.2685774472253,419.97708287090063,427.03344907354693,438.1985932588577,"[419.97708287090063, 426.2685774472253, 427.03344907354693]"
v4_pro,fp8,v2,1024,1,3,1244.0992766541654,1243.3140150046554,11528.12139722037,1284.0904235839844,"[11528.12139722037, 1244.0992766541654, 1243.3140150046554]"
v4_pro,fp8,v2,1024,2,3,1245.7165362249161,1237.1598198239146,1267.4348870420765,1295.0502157211304,"[1267.4348870420765, 1245.7165362249161, 1237.1598198239146]"
v4_pro,fp8,v2,1024,4,3,1182.6255457026177,1180.8765423965865,1182.8496449723325,1219.5489883422852,"[1182.6255457026177, 1182.8496449723325, 1180.8765423965865]"
v4_pro,fp8,v2,1024,8,3,1077.5908333217276,1067.283364719358,1079.1747552695974,1156.125384569168,"[1067.283364719358, 1079.1747552695974, 1077.5908333217276]"
v4_pro,fp8,v2,4096,1,3,4291.622712951282,4289.884772023251,4294.643818561373,4322.953176498413,"[4291.622712951282, 4294.643818561373, 4289.884772023251]"
v4_pro,fp8,v2,4096,2,3,5205.715438929097,5179.516540005289,5232.846801137102,5615.358304977417,"[5232.846801137102, 5205.715438929097, 5179.516540005289]"
v4_pro,fp8,v2,4096,4,3,4838.429473854345,4811.152557103798,4902.2851370531935,5295.72172164917,"[4838.429473854345, 4811.152557103798, 4902.2851370531935]"
v4_pro,fp8,v2,4096,8,3,4037.6175009998783,3935.82983314991,4051.9544429563243,4306.55460357666,"[4051.9544429563243, 3935.82983314991, 4037.6175009998783]"
v4_pro,fp8,v2,8192,1,3,8372.092924241362,8358.75272031488,8379.086674287402,8424.750804901123,"[8372.092924241362, 8379.086674287402, 8358.75272031488]"
v4_pro,fp8,v2,8192,2,3,9572.135891379981,9571.6123478166,51417.1057312653,10671.547985076904,"[51417.1057312653, 9572.135891379981, 9571.6123478166]"
v4_pro,fp8,v2,8192,4,3,8954.003763866836,8906.255100821627,23275.748724053647,9991.661882400513,"[8954.003763866836, 23275.748724053647, 8906.255100821627]"
v4_pro,fp8,v2,8192,8,3,7184.113644577306,7179.322765818958,7231.219179928303,7661.04679107666,"[7231.219179928303, 7179.322765818958, 7184.113644577306]"
v4_pro,fp8,v2,16384,1,3,16729.034146358226,16724.95038756009,16734.730373168815,16810.729789733887,"[16724.95038756009, 16729.034146358226, 16734.730373168815]"
v4_pro,fp8,v2,16384,2,3,19556.31885754651,19459.20769305065,19688.978688470248,21731.94284439087,"[19459.20769305065, 19556.31885754651, 19688.978688470248]"
v4_pro,fp8,v2,16384,4,3,17072.163769911076,16914.072468363007,17090.919138028705,18486.207008361816,"[17090.919138028705, 16914.072468363007, 17072.163769911076]"
v4_pro,fp8,v2,16384,8,3,14554.329502685317,14487.831027343356,14973.511365467104,20921.796894073465,"[14973.511365467104, 14487.831027343356, 14554.329502685317]"
v4_pro,fp8,v2_ll,4,1,3,94.5926657235571,93.39313771864721,114.78058816383368,100.7093995809555,"[114.78058816383368, 94.5926657235571, 93.39313771864721]"
v4_pro,fp8,v2_ll,4,2,3,106.9357713026091,103.05144155301667,110.18420011607995,124.82940256595607,"[106.9357713026091, 110.18420011607995, 103.05144155301667]"
v4_pro,fp8,v2_ll,4,4,3,122.13965705274765,120.76934240758419,130.46496311716479,129.69240173697472,"[120.76934240758419, 122.13965705274765, 130.46496311716479]"
v4_pro,fp8,v2_ll,4,8,3,155.8137412648648,155.09100434980516,156.16098257456105,165.2599960565567,"[155.09100434980516, 156.16098257456105, 155.8137412648648]"
v4_pro,fp8,v2_ll,16,1,3,103.461706633519,102.69669365491076,103.58324105016374,109.97400060296059,"[103.461706633519, 103.58324105016374, 102.69669365491076]"
v4_pro,fp8,v2_ll,16,2,3,105.81220675998463,105.57818934642549,122.01577562292844,115.16500040888786,"[105.81220675998463, 122.01577562292844, 105.57818934642549]"
v4_pro,fp8,v2_ll,16,4,3,121.90612255402937,121.64803213793142,122.61255138457335,129.99000027775764,"[122.61255138457335, 121.90612255402937, 121.64803213793142]"
v4_pro,fp8,v2_ll,16,8,3,156.26359880291696,156.02575359737565,9278.4441019858,164.58820104599,"[156.26359880291696, 156.02575359737565, 9278.4441019858]"
v4_pro,fp8,v2_ll,64,1,3,168.33045194728365,168.07199959996444,171.53726491659623,176.55659765005112,"[171.53726491659623, 168.07199959996444, 168.33045194728365]"
v4_pro,fp8,v2_ll,64,2,3,169.94059871047222,169.77061812990698,172.80322597522675,178.6290019750595,"[172.80322597522675, 169.77061812990698, 169.94059871047222]"
v4_pro,fp8,v2_ll,64,4,3,178.80633155462044,178.0500621534884,181.09645654351033,187.16300129890442,"[181.09645654351033, 178.0500621534884, 178.80633155462044]"
v4_pro,fp8,v2_ll,64,8,3,196.7032906952603,195.63554047510542,199.2391523872984,205.17999827861786,"[199.2391523872984, 196.7032906952603, 195.63554047510542]"
v4_pro,fp8,v2_ll,256,1,3,403.0853134162467,402.5286519418246,406.7996821912198,425.6154090166092,"[403.0853134162467, 406.7996821912198, 402.5286519418246]"
v4_pro,fp8,v2_ll,256,2,3,409.99892774712424,409.49815421782694,410.33833705145736,434.7017973661423,"[409.49815421782694, 410.33833705145736, 409.99892774712424]"
v4_pro,fp8,v2_ll,256,4,3,402.2955549238571,398.75460006617783,9940.30008505195,424.9108076095581,"[402.2955549238571, 398.75460006617783, 9940.30008505195]"
v4_pro,fp8,v2_ll,256,8,3,418.27264980509364,416.2051046331381,421.7026605399261,441.158989071846,"[418.27264980509364, 416.2051046331381, 421.7026605399261]"
v4_pro,fp8,v2_ll,1024,1,3,1257.7425425807978,1255.791718846765,1276.644834606298,1350.1370012760162,"[1255.791718846765, 1276.644834606298, 1257.7425425807978]"
v4_pro,fp8,v2_ll,1024,2,3,1246.4338903925543,1242.236808648911,3765.430177176564,1330.9085965156555,"[3765.430177176564, 1242.236808648911, 1246.4338903925543]"
v4_pro,fp8,v2_ll,1024,4,3,1194.4295044603018,1190.0383017571835,1218.779912924972,1287.3721957206726,"[1194.4295044603018, 1190.0383017571835, 1218.779912924972]"
v4_pro,fp8,v2_ll,1024,8,3,1127.305121578533,1109.359966783688,1129.5016824171462,1205.4374039173126,"[1129.5016824171462, 1127.305121578533, 1109.359966783688]"
v4_pro,fp8,v2_ll,4096,1,3,4410.781126340916,4388.679522121774,4416.75561563722,4554.887700080872,"[4388.679522121774, 4410.781126340916, 4416.75561563722]"
v4_pro,fp8,v2_ll,4096,2,3,4826.7789426548725,4805.9917269595735,4850.139988907452,5084.732961654663,"[4805.9917269595735, 4826.7789426548725, 4850.139988907452]"
v4_pro,fp8,v2_ll,4096,4,3,4669.44070905447,4632.392230989604,4671.804863317259,5233.759498596191,"[4671.804863317259, 4632.392230989604, 4669.44070905447]"
v4_pro,fp8,v2_ll,4096,8,3,4055.1476879366514,4000.9382467331557,4116.493394662594,4234.747242927551,"[4000.9382467331557, 4116.493394662594, 4055.1476879366514]"
v4_pro,fp8,v2_ll,8192,1,3,8579.598511601316,8572.98957941861,8582.008548337837,8789.848184585571,"[8582.008548337837, 8579.598511601316, 8572.98957941861]"
v4_pro,fp8,v2_ll,8192,2,3,8992.37843885504,8970.06511123016,43738.78016322851,9378.10411453247,"[43738.78016322851, 8992.37843885504, 8970.06511123016]"
v4_pro,fp8,v2_ll,8192,4,3,8392.984681088348,8371.9622644371,8522.489274627176,8977.040910720825,"[8392.984681088348, 8371.9622644371, 8522.489274627176]"
v4_pro,fp8,v2_ll,8192,8,3,12393.844828523439,11642.875150102993,17091.843755337697,35764.83111381525,"[12393.844828523439, 17091.843755337697, 11642.875150102993]"
v4_pro,fp8,v2_ll,16384,1,3,16975.55307067674,16954.569412716504,21253.594199131276,17176.206970214844,"[21253.594199131276, 16975.55307067674, 16954.569412716504]"
v4_pro,fp8,v2_ll,16384,2,3,18326.969535186374,18211.95161856454,19397.393739429015,20136.690044403076,"[19397.393739429015, 18211.95161856454, 18326.969535186374]"
v4_pro,fp8,v2_ll,16384,4,3,16604.995709554903,16554.34117646053,16621.859748301835,17494.88286972046,"[16604.995709554903, 16554.34117646053, 16621.859748301835]"
v4_pro,fp8,v2_ll,16384,8,3,50765.968301172914,47333.323443758076,60180.69499731064,153501.13525390622,"[60180.69499731064, 47333.323443758076, 50765.968301172914]"
